MaxReturn,dLoss,LossAfter,MaxForwardProgress,StdForwardProgress,MinForwardProgress,NumTrajs,MeanKLBefore,Iteration,AverageDiscountedReturn,MinReturn,StdReturn,LossBefore,AverageForwardProgress,Entropy,AveragePolicyStd,Perplexity,MeanKL,ExplainedVariance,AverageReturn
6.25673536625,0.00760368828137,-0.00760368828137,0.466861739952,0.227656244369,-0.780973211492,107,0.0,0,-1.38410108365,-18.3886223507,4.50185262885,1.65060073605e-17,-0.21607778369,2.83787706641,1.0,17.0794684453,0.00921863711821,1.05374845516e-08,-7.27701974051
9.89137890176,0.00662043179828,-0.00662043179828,0.646516885334,0.245003973408,-0.639163155642,107,0.0,1,-0.0817848446292,-15.8807110351,4.86012748327,8.44412805514e-17,0.0280805883866,2.84653189197,1.00434573482,17.2279297923,0.00669931306167,-0.118711174999,-2.41412601644
8.76493984336,0.00887206621512,-0.00887206621512,0.596667882813,0.224040781265,-0.520111334993,107,0.0,2,0.527631828795,-13.3287555545,4.45203591375,2.30376984364e-16,0.114430880035,2.83546263646,0.998817827864,17.0382810073,0.0098317549913,0.342380578183,-0.677792005231
7.67983914237,0.00957548573291,-0.00957548573291,0.539802660416,0.175682639142,-0.373124858144,107,0.0,3,0.890056278801,-10.3436567336,3.46305504109,4.1647889706e-17,0.155019824808,2.82752489653,0.9948373674,16.903570918,0.0099133709539,0.610498942921,0.126846755727
8.74567858671,0.00697681399921,-0.00697681399921,0.591180520972,0.152416232984,-0.152718099929,107,0.0,4,1.92302849203,-5.84438037812,3.02067707206,-1.6055692601e-17,0.229735008613,2.82594762387,0.994055284984,16.8769303929,0.00797926550001,0.74697273338,1.61315584052
9.46012178758,0.00809157953959,-0.00809157953959,0.629345232054,0.135365307712,-0.0522601833507,107,0.0,5,1.76288547706,-3.94240213615,2.66526761315,-9.73447698358e-17,0.234219571604,2.80162553628,0.982080734018,16.4713998792,0.00640180176422,0.781937542999,1.73205314062
7.67094029285,0.00775072909625,-0.00775072909625,0.533767057137,0.120145755979,-0.0281753800175,107,0.0,6,2.34205452159,-3.45114032144,2.36704531025,1.81151044321e-16,0.284489867352,2.79626876017,0.979539224707,16.3834021802,0.00638939748898,0.829505568306,2.76838232071
8.73516259822,0.00781005760767,-0.00781005760767,0.583142644264,0.113017089537,0.0117427864303,107,0.0,7,2.40957835485,-2.54870297012,2.22883768245,-1.35901155334e-16,0.301304950919,2.79016830076,0.976733655838,16.2837601405,0.00898875671323,0.850515576516,3.16458340185
10.2925803438,0.00737225410482,-0.00737225410482,0.664326865586,0.11569933462,0.0533937867009,107,0.0,8,2.0888232177,-1.71954654515,2.27965175703,1.41188203392e-16,0.298684002763,2.77763202125,0.970863594383,16.0808966056,0.00656617173963,0.825796031821,3.11397290243
10.6054944196,0.00638490318938,-0.00638490318938,0.676151566638,0.11614116881,0.0815398139588,107,0.0,9,2.76978205154,-1.14784059647,2.2792099461,1.07187363865e-16,0.351801106339,2.76049827362,0.963053452677,15.8077175549,0.00734806476714,0.848834120261,4.16204410932
10.7494988785,0.00760617215311,-0.00760617215311,0.684961662752,0.113975616343,0.105618562225,107,0.0,10,2.90127277347,-0.606845674947,2.25014014493,-1.78530087909e-16,0.370113338624,2.73047482521,0.948920315714,15.3401691899,0.00717542614145,0.834123733932,4.54233179495
17.0664158364,0.00960674382289,-0.00960674382289,0.998876198406,0.173131942329,0.178422219618,107,0.0,11,3.51291308701,0.746551316602,3.40683686553,-1.53807392575e-16,0.511622757109,2.72855908232,0.948011490788,15.3108095017,0.00813244278955,0.679411403894,7.3522304412
24.8706175743,0.00854150798506,-0.00854150798506,1.39649937563,0.220761902527,0.286425285421,107,0.0,12,4.01154286616,3.02517005375,4.36424916381,2.09481705087e-16,0.658733771932,2.72283744834,0.945631265061,15.2234567922,0.0081329722412,0.658894430172,10.2920766911
27.6746837183,0.00954912748976,-0.00954912748976,1.53768158683,0.265240645158,0.244433772983,107,0.0,13,4.43553039191,2.24694937753,5.24905099121,3.00154501461e-16,1.03326682795,2.72341585875,0.946145568703,15.2322647451,0.00772924257058,0.644688978295,17.7345477229
33.5628795929,0.00810410772235,-0.00810410772235,1.83239493554,0.201908236705,0.94803731267,107,0.0,14,5.34438685733,16.0500901308,3.99307564464,1.80623947782e-16,1.41628659625,2.71247059283,0.941303241332,15.0664526411,0.00681394762598,0.689059762042,25.3206351444
37.712978537,0.00912541359032,-0.00912541359031,2.03770044922,0.150036599739,1.14835269724,107,0.0,15,5.982529649,20.010574353,2.97961956541,4.07678045009e-16,1.62688924895,2.71502698706,0.943142846938,15.1050177064,0.00727590864409,0.823384244157,29.4764875834
39.3996889986,0.00904828417802,-0.00904828417801,2.12263306009,0.133093704778,1.55194959811,107,0.0,16,6.61388137433,27.8526468907,2.62630506123,4.01857156067e-16,1.8209037743,2.69643961756,0.934960773471,14.8268483876,0.00663236100556,0.900406894492,33.3452028018
40.8902668373,0.0115218653367,-0.0115218653367,2.19529581547,0.132553966356,1.56465399023,107,0.0,17,7.01096407267,28.2325758058,2.64518081652,3.55578494997e-16,1.91613817599,2.67436439533,0.92556342986,14.503128653,0.0099123105964,0.918052432318,35.1999279774
45.2707090621,0.0113552375471,-0.0113552375471,2.4241257007,0.127673847195,1.76376969183,107,0.0,18,7.62660653546,32.4065343572,2.52436839958,1.65442685512e-16,2.09845029425,2.65294066293,0.916456805839,14.1957221607,0.00996934400423,0.922718509813,38.8432583143
46.3357006618,0.00849242880674,-0.00849242880674,2.47017547345,0.122650089094,1.8390377857,107,0.0,19,7.63857130983,33.5867990049,2.43220416703,8.44734458914e-17,2.22400060967,2.64028996291,0.912192152004,14.0172675061,0.00649888494081,0.934702526707,41.3478206851
49.4341036817,0.00771572736285,-0.00771572736285,2.63680505572,0.113243369381,2.02343578615,107,0.0,20,8.14642224251,37.420216721,2.24928933633,-8.99114635288e-17,2.33377380023,2.61033312527,0.899154502159,13.6035817939,0.00647586706976,0.94420544883,43.5099615838
50.3807245475,0.00766165808304,-0.00766165808304,2.67597644108,0.105063897628,2.16692746184,107,0.0,21,8.64841519616,40.3056711482,2.08192670545,-2.17321487908e-16,2.43288944456,2.60272858931,0.89602289187,13.5005252124,0.00655343186092,0.948601697246,45.4789093966
52.5549696942,0.00765243058336,-0.00765243058336,2.78839908714,0.107677024327,2.19039128037,107,0.0,22,8.87076689897,40.6314586789,2.13265385634,2.32661242297e-16,2.51248518399,2.59583915285,0.893746303524,13.407833864,0.00643321553374,0.951259496581,47.041890882
53.0651992533,0.00807507478487,-0.00807507478487,2.8168728292,0.106878522287,2.29247383201,107,0.0,23,9.30713242561,42.7349864481,2.10284070218,-3.03972838593e-17,2.60600517767,2.56781388391,0.880743644244,13.0372922306,0.00655936764848,0.954046929511,48.869709038
55.9859439223,0.00854061951583,-0.00854061951583,2.96781225093,0.105109065816,2.43421233476,107,0.0,24,9.53227278734,45.4224543962,2.07183219213,-2.40106999703e-16,2.67995023624,2.53699669028,0.867768333057,12.641647119,0.00980459423294,0.955062456734,50.3447062218
56.3797651366,0.00664780503575,-0.00664780503575,2.99751736431,0.0939808603704,2.49041477443,107,0.0,25,9.71672216176,46.4575969436,1.82921035794,5.29545254998e-17,2.76416562823,2.51493073056,0.858642970942,12.3657521807,0.00632723236194,0.961172829241,51.9737872995
57.4485508646,0.00706914077716,-0.00706914077716,3.04346891238,0.08932936639,2.63621092356,107,0.0,26,9.73755134519,49.437484484,1.75591006307,-3.89304372747e-17,2.81171354224,2.4772126628,0.842708818305,11.9080264315,0.00665208568356,0.961679565141,52.9243823944
58.569243685,0.00664751914497,-0.00664751914497,3.09724483996,0.0907468533964,2.6406235605,107,0.0,27,9.90647148788,49.7081441891,1.77999938771,-7.89399698257e-18,2.86781688533,2.44704930678,0.83070776886,11.554203461,0.00680405383923,0.96423277403,54.00206524
58.8864489156,0.00809388332842,-0.00809388332842,3.1223660562,0.103973018895,2.54975540111,107,0.0,28,10.3767744222,47.773901059,2.04267656622,-4.6376194681e-17,2.92037409078,2.42691391615,0.822753134793,11.3238816524,0.00998255916521,0.963926023511,55.0236912635
59.4856479006,0.00617186406531,-0.00617186406531,3.15089867934,0.0937356713098,2.74013238504,107,0.0,29,10.5644985937,51.4681804878,1.84650029733,1.3351936379e-16,2.9839626718,2.41971039673,0.819633552793,11.2426029488,0.00689588697305,0.969448747614,56.2340625319
61.161888466,0.0064160072191,-0.0064160072191,3.2291971406,0.0930543168516,2.79182642671,107,0.0,30,10.833676575,52.5337156271,1.81861205998,1.32272178672e-16,3.02681664007,2.38706572106,0.806500890039,10.8815176442,0.00641904627806,0.973944570267,57.0533193385
62.1539087715,0.00560987251885,-0.00560987251885,3.28921472381,0.0903311779154,2.82258204234,107,0.0,31,10.8403465154,53.1308275457,1.76310517636,-1.19596959542e-16,3.05136717903,2.36945348152,0.800069184731,10.6915475588,0.00662265267169,0.975376668982,57.532598518
62.2184349704,0.00576406609218,-0.00576406609218,3.29121673516,0.0880064107276,2.83631802502,107,0.0,32,10.912083657,53.5594861196,1.7014048726,-1.28163315889e-16,3.07394137434,2.35242184092,0.793559166153,10.5109948819,0.00693091259993,0.977724690402,57.9463429317
62.4937318712,0.00591634095745,-0.00591634095745,3.31319401059,0.0787148179028,2.90850142674,107,0.0,33,11.1031714455,54.7081981082,1.53447499386,-9.39352437994e-17,3.10727996698,2.32877716771,0.784500625874,10.2653810155,0.00656642556314,0.981808433254,58.5923697882
64.6146953844,0.00757621782832,-0.00757621782832,3.4110829321,0.0808732284244,2.98166610819,107,0.0,34,11.092660087,56.0939768416,1.58591175226,-2.11737169853e-16,3.15147783281,2.29561122823,0.77252941772,9.93050396204,0.0098183815968,0.9827772965,59.4830247699
64.411620571,0.00586666156542,-0.00586666156542,3.40267878872,0.0822174039157,2.96623835714,107,0.0,35,11.2657257938,55.8094418237,1.59511949385,7.4831107043e-17,3.18957893945,2.27217201822,0.76403144984,9.70044749761,0.00676595279906,0.982836248647,60.2102221702
64.6175142463,0.00834870532264,-0.00834870532264,3.4192864096,0.0859794760084,2.93736924448,107,0.0,36,11.4276672482,55.2120625984,1.67271968652,-1.45196419789e-16,3.22216429434,2.22872982397,0.747841029154,9.28806111128,0.00975057815299,0.984196757745,60.8566528188
64.9693873565,0.00842647401973,-0.00842647401973,3.42335445436,0.0742064462255,2.99635384801,107,0.0,37,11.6107793015,56.4239396701,1.44959811465,2.94260981106e-17,3.26450622292,2.20735414046,0.74090656599,9.09162936732,0.00983642698457,0.98517741141,61.7165793901
65.4384077123,0.00642636885071,-0.00642636885071,3.45695552484,0.0705652169538,3.14125007186,107,0.0,38,11.3611972863,59.2675200494,1.38113401761,-3.78430412655e-17,3.29557429138,2.1969571756,0.738007472243,8.99759370614,0.00671487887461,0.985430532381,62.3381728072
67.1329121753,0.00593841206807,-0.00593841206807,3.53583943778,0.0680199829015,3.17084644922,107,0.0,39,11.856098724,59.8383013742,1.33904299236,2.26087061845e-16,3.34905592625,2.16499716639,0.726824091827,8.71457722312,0.00662580985948,0.984726522459,63.3980295307
68.8646786457,0.00632662841017,-0.00632662841017,3.63443987017,0.0853066879321,3.12299995116,107,0.0,40,12.0094462451,59.0218045072,1.66072135757,4.58075944777e-16,3.38493048289,2.12926970062,0.715577467724,8.40872368286,0.00663381318726,0.983577967842,64.0984239671
67.9441367397,0.00628149123713,-0.00628149123713,3.58230773355,0.074764984533,3.22273166305,107,0.0,41,11.8897028241,60.9480530121,1.46046493845,-6.84727456459e-17,3.41748651445,2.10244557492,0.706870902621,8.18616533308,0.00654256649196,0.983956521244,64.7205753886
69.7058646918,0.00678595286841,-0.00678595286841,3.66928687903,0.0813559353358,3.27530193582,107,0.0,42,11.9789789032,61.9996204967,1.5763637756,2.58190146314e-16,3.46164041479,2.08639476357,0.701881634231,8.05581961327,0.00663129953383,0.985680501653,65.5939728221
68.473317652,0.00704837980933,-0.00704837980933,3.61312574911,0.0687179730896,3.26528645463,107,0.0,43,12.0230899881,61.9324335834,1.32764875803,-3.82431365911e-16,3.48699767392,2.05928087661,0.692639928428,7.84032961811,0.00654699985077,0.98843462429,66.0479080405
70.9694302561,0.00552087239605,-0.00552087239605,3.73946504473,0.0732467315364,3.31265637113,107,0.0,44,12.120310563,62.563698113,1.41903121866,-2.9280835285e-16,3.50944263247,2.0291982371,0.684184125062,7.60798411344,0.00649985376068,0.989126037663,66.4506069683
70.0934978035,0.00522828145697,-0.00522828145697,3.68859017504,0.0678564636505,3.36497440862,107,0.0,45,12.0939932163,63.6908025162,1.3248535202,-5.97154724423e-17,3.53296922655,1.97603213422,0.668988527018,7.21406169248,0.00661033074331,0.98914469594,66.9120255795
70.4292984515,0.00572522213775,-0.00572522213775,3.70953459871,0.0704984866652,3.35492733878,107,0.0,46,12.2447479764,63.5311392941,1.35601593516,1.73771692778e-16,3.56408452688,1.93819803243,0.658388607938,6.94622281812,0.00653993266332,0.989913116919,67.555451822
71.461023983,0.00559392758252,-0.00559392758252,3.76379316645,0.0855994021843,3.35974182917,107,0.0,47,12.2594002155,63.6577912033,1.66204941177,-1.7826653964e-16,3.58012028415,1.89059302282,0.642911666449,6.62329528191,0.00685307132413,0.989005654165,67.8553751017
71.6533548796,0.00629902582164,-0.00629902582164,3.77053277075,0.0762858768539,3.4000830112,107,0.0,48,12.3575017438,64.4181401342,1.47429886093,1.53455649019e-16,3.6060165444,1.83034047998,0.623379497398,6.2360095335,0.0096511020022,0.99051104012,68.3502950911
72.1873301271,0.0053462562762,-0.0053462562762,3.8015283895,0.074803201187,3.47519884586,107,0.0,49,12.3970553648,65.7321973642,1.45844014738,-2.63573171596e-16,3.62615253163,1.7926033241,0.610427950549,6.0050652661,0.00667107246912,0.99022873223,68.7272685028
72.3415534034,0.00458987704678,-0.00458987704678,3.81533343761,0.0741238699059,3.42469309378,107,0.0,50,12.2159530676,64.7952219171,1.43101182652,-2.09464844224e-16,3.63906977864,1.74484607844,0.596104677606,5.72502020358,0.00656846447844,0.990279959383,69.0015139016
72.2336287894,0.00501215085171,-0.00501215085171,3.80372835406,0.078773547547,3.33036330286,107,0.0,51,12.3877068727,62.9229163801,1.52287707348,1.19204749913e-16,3.66013542523,1.71134716482,0.585718280473,5.53641491941,0.00652505631778,0.990260260548,69.3852371653
72.6552468064,0.00595407794602,-0.00595407794602,3.83220611404,0.0751540386903,3.43515799265,107,0.0,52,12.2868054048,65.171967477,1.44684624316,-1.78150329379e-16,3.66180223923,1.69133502852,0.580175854315,5.42672069817,0.00673192397424,0.989875208811,69.4412820916
73.1613895676,0.00553207895225,-0.00553207895225,3.84991230859,0.0674873778449,3.49777604668,107,0.0,53,12.5390097655,66.2742803954,1.29480160564,-1.5211093029e-16,3.68745934399,1.64945859654,0.567651619671,5.20416151326,0.00661870201249,0.990550220017,69.9455879311
74.3251345287,0.00598613816045,-0.00598613816045,3.91284843182,0.073402876916,3.50522116604,107,0.0,54,12.6215143809,66.4150270688,1.41261310777,6.62253222147e-17,3.69402199507,1.60165241415,0.556000008216,4.96122365105,0.00645318709215,0.99007300453,70.0562231786
72.8124395519,0.00606263621887,-0.00606263621887,3.83471258702,0.054766446758,3.56984288868,107,0.0,55,12.4052365501,67.6787016923,1.0618966757,-3.89532642902e-17,3.68863237825,1.58955054625,0.553454812028,4.90154541519,0.00999053805213,0.990392156603,69.9598406552
73.3386030088,0.00552675541393,-0.00552675541393,3.86875806419,0.0700821109904,3.53224762582,107,0.0,56,12.5458066078,66.881258801,1.3569775482,6.17574527343e-17,3.70114840279,1.57628902623,0.550151280883,4.83697258582,0.00676502112485,0.989763595089,70.1978784658
73.9733534708,0.00596736822138,-0.00596736822138,3.89989750886,0.0642217006853,3.53687767603,107,0.0,57,12.6634599982,67.0228419412,1.24292709866,-8.67509594793e-17,3.71505325386,1.53414074926,0.537431522672,4.63733918046,0.00666951478073,0.990274164965,70.4728509591
74.5666436693,0.00477359242369,-0.00477359242369,3.92614980354,0.0706380606935,3.58769391813,107,0.0,58,12.9004091107,67.9520351043,1.36528528596,6.75098606301e-17,3.72830773531,1.52751469629,0.536764977655,4.60671350112,0.00659303549586,0.989973098225,70.7092576509
74.3166509963,0.00526072269801,-0.00526072269801,3.91480137182,0.0658079342334,3.5155557789,107,0.0,59,12.8036226466,66.5643803588,1.27708874449,-9.90111419643e-17,3.72834215674,1.50546440923,0.532338550691,4.50624588662,0.00665593822858,0.989582962999,70.7019654107
74.1745426234,0.00724776603106,-0.00724776603106,3.90692390664,0.0731018489208,3.56036835939,107,0.0,60,12.6619479843,67.4178698834,1.42322852387,-1.0292908789e-16,3.73664811636,1.46897880291,0.521847451531,4.34479598179,0.00961608170334,0.987740747449,70.875620724
73.8545129985,0.00543354831708,-0.00543354831708,3.89471071898,0.0697931623868,3.60275972471,107,0.0,61,13.0302406405,68.1592314409,1.35635755063,-9.49271813803e-17,3.75152856698,1.46297602578,0.519970357624,4.3187932622,0.00647267525106,0.987925078162,71.1496014849
74.4647636635,0.00637248243925,-0.00637248243925,3.9207597537,0.0661718710324,3.59344416001,107,0.0,62,12.9344948125,68.0346782414,1.30464786791,-5.32741037162e-17,3.7684696434,1.44476598935,0.515347072442,4.24085962039,0.0066049389399,0.986820544958,71.4994396855
76.1575617969,0.00606553332036,-0.00606553332036,4.00492380304,0.0705694369425,3.58862092473,107,0.0,63,12.8113009215,67.9899138884,1.39356828008,1.06651966594e-16,3.7976728857,1.43054868112,0.51164300651,4.18099259437,0.00651692956072,0.983282876429,72.0770915033
76.2833166497,0.00840675799216,-0.00840675799216,4.00684728884,0.0790775906809,3.6279861512,107,0.0,64,12.813401637,68.8015856826,1.56197550402,-1.02359450096e-16,3.8242926849,1.4135215861,0.50783027057,4.11040509165,0.00989999767478,0.981857293128,72.6193550896
77.512847963,0.0059529827866,-0.0059529827866,4.07110178021,0.0742360233799,3.69153567224,107,0.0,65,12.9881635334,70.0663911392,1.46138923613,1.62669462531e-16,3.89180885397,1.40416922897,0.506826823668,4.07214231776,0.00660902683503,0.983740308957,73.963275449
77.16270193,0.00665790728064,-0.00665790728064,4.05416877128,0.0737391409584,3.67431046248,107,0.0,66,13.0671615752,69.8029734286,1.44781372301,1.17858993593e-16,3.89206909428,1.35903718611,0.496105431826,3.89244379811,0.00999635604605,0.986890450012,73.9512098174
77.3925099298,0.0056734749867,-0.0056734749867,4.07180359594,0.071579585184,3.69707145621,107,0.0,67,12.9421901998,70.061864664,1.39666535856,-2.23200222583e-17,3.88680213878,1.34136487638,0.491786151464,3.82425958648,0.00655974482486,0.986212206186,73.8429984783
77.6085189019,0.00483173803093,-0.00483173803093,4.07713901873,0.081829387367,3.64951381459,107,0.0,68,12.864629966,69.1589281168,1.59369465594,4.23544895936e-17,3.89238715645,1.303092976,0.481689270632,3.68066328341,0.00644246456058,0.9861229953,73.957817211
77.7029947206,0.00590075109909,-0.00590075109909,4.08223192589,0.0770243763183,3.71556713667,107,0.0,69,13.1303839107,70.4416397719,1.50653733267,-1.80115527892e-16,3.91279004303,1.29288887454,0.480505238502,3.64329639384,0.0066618343401,0.986755756136,74.3431431322
78.7739063212,0.00515052495978,-0.00515052495978,4.13913895985,0.0753990425169,3.74487225312,107,0.0,70,13.1458070842,70.9639048507,1.47946756181,-1.33803663891e-16,3.92278441355,1.26429613342,0.473706108926,3.540599749,0.00661282447331,0.98697226324,74.5426313252
78.5909537787,0.00480219341114,-0.00480219341114,4.1311098852,0.0780983315575,3.622417323,107,0.0,71,13.3260567058,68.7110292199,1.51952971265,2.21000787764e-16,3.94606255789,1.23729859735,0.468624904404,3.44629105885,0.00666469910653,0.988259011941,74.9925597098
78.6819699771,0.0053510819926,-0.0053510819926,4.12681007912,0.0764833437802,3.74267754741,107,0.0,72,13.3275221118,71.0246684538,1.49865482428,-7.50801290298e-18,3.94582508795,1.19085238165,0.457059775095,3.28988424956,0.00650939881148,0.986989025872,74.9943667943
78.8055682569,0.0104560804291,-0.0104560804291,4.13823127005,0.0849209307037,3.68159433159,107,0.0,73,13.0024987274,69.9439162589,1.65527840066,-1.62275177719e-16,3.94662870317,1.16753347985,0.451950062944,3.21405532156,0.0098314016903,0.985789643532,75.0362724404
78.2480732341,0.00566472101251,-0.00566472101251,4.11213160655,0.0832357641149,3.75788769416,107,0.0,74,12.90213369,71.4189714044,1.62152694821,-1.10752528643e-17,3.93370942022,1.17999577979,0.452941861082,3.25436046878,0.00662585365111,0.986345447662,74.7708423032
78.51033599,0.00472289844616,-0.00472289844616,4.12407746239,0.0753154011705,3.75540001665,107,0.0,75,13.2484052687,71.3575004839,1.47179302505,8.0641620069e-18,3.9544399642,1.16841571131,0.450422498394,3.21689211345,0.00658159361009,0.986023486405,75.1775462284
78.8265969282,0.00502216753822,-0.00502216753822,4.14000636571,0.0741343137939,3.79960117172,107,0.0,76,13.0380298828,72.1357352005,1.44269724503,-5.28507663386e-17,3.94909928439,1.15931144672,0.447565214916,3.18773759311,0.00666920859297,0.986355822547,75.0878029293
78.5300752833,0.00604672264771,-0.00604672264771,4.12341756185,0.0816766689924,3.74488842907,107,0.0,77,13.1922328852,71.1683441294,1.59704887981,4.42844099916e-18,3.95435720457,1.14108239558,0.442443003393,3.13015459775,0.00971816906603,0.986409304933,75.1945990811
79.5111481232,0.0047416348646,-0.0047416348646,4.1723921806,0.0818135160133,3.79273176076,107,0.0,78,13.0385516941,72.0431020822,1.60012878731,3.9396730945e-16,3.94938345836,1.14210913068,0.444590873036,3.13337008778,0.00663796889726,0.986062966038,75.1018519883
79.1023042766,0.00778787687317,-0.00778787687317,4.15106012889,0.0862652022033,3.76013714371,107,0.0,79,13.079814723,71.4914560011,1.68574695762,-4.10786669478e-16,3.95825167996,1.11071944217,0.436173693002,3.0365422253,0.0097923456538,0.985816765093,75.2662643546
79.0388869466,0.00660211855526,-0.00660211855526,4.15073823129,0.0771587463038,3.73717922441,107,0.0,80,13.1988805504,71.0250530136,1.51702945959,8.32812531295e-17,3.95603667728,1.10884966445,0.436343365534,3.03086987096,0.00995632752903,0.987296010971,75.2041330682
78.7207593974,0.00524064363082,-0.00524064363082,4.13568514906,0.0778573717923,3.78353424419,107,0.0,81,13.3251691741,71.9122606458,1.51482219506,-9.41137095566e-17,3.97045789944,1.12330407529,0.440250039433,3.07499746016,0.00664021739396,0.987050156979,75.4994854139
78.8667767662,0.00419111730344,-0.00419111730344,4.14309952922,0.0816882166588,3.75708374287,107,0.0,82,13.189167602,71.4222482979,1.58405918187,2.60049510482e-16,3.96550947017,1.09808443295,0.434569500326,2.99841685071,0.00659124114465,0.986418078784,75.408490844
79.4471689098,0.00476139551944,-0.00476139551944,4.17035258204,0.0788517548078,3.76743637101,107,0.0,83,13.3467500438,71.4734759388,1.54190565899,-3.78513419984e-18,3.97626517043,1.08589369094,0.431886547026,2.96208582547,0.0067392724101,0.987608615737,75.5970514174
78.964379502,0.00489843465474,-0.00489843465474,4.15015091101,0.070553863596,3.82183268639,107,0.0,84,13.513029437,72.5548409204,1.38223735707,8.97329977716e-17,3.98477170383,1.05118500932,0.424845713333,2.86103946848,0.00660625475583,0.988762460069,75.7459960015
78.8894875857,0.00594856249332,-0.00594856249332,4.14369802858,0.0758992109952,3.81976027388,107,0.0,85,13.3958270912,72.6763216883,1.47773057526,8.84733615549e-17,3.98837524336,1.0118939991,0.417544639562,2.75080610852,0.00657420558922,0.98909254244,75.8359229549
79.2627062529,0.0050869035692,-0.0050869035692,4.16255379347,0.0758110717167,3.77812628015,107,0.0,86,13.4184575608,71.6226886201,1.4897268093,1.08192790137e-16,3.98689812439,1.00466221614,0.415791402818,2.73098463449,0.00649467282048,0.988849500241,75.7950850749
79.7742282527,0.00487746145492,-0.00487746145492,4.19121743196,0.0720060325778,3.7819760722,107,0.0,87,13.516308402,71.9447432538,1.4046904505,-6.12915741006e-17,3.99581260558,0.99328386021,0.413345401699,2.70008663683,0.00649549709342,0.989315242778,75.9653014264
79.7166399098,0.00560385731011,-0.00560385731011,4.18726985273,0.0717401078877,3.8526785078,107,0.0,88,13.5611516448,73.143469429,1.39448582934,-5.89165269012e-17,4.00988118103,0.98483783617,0.413038921681,2.6773776754,0.00651344942335,0.989647853892,76.2487679888
79.6713126476,0.00609914373479,-0.00609914373479,4.18445369003,0.0792654104968,3.78338371266,107,0.0,89,13.3233633194,71.8027888038,1.54823859244,1.43000875938e-17,3.99859426713,0.973384769786,0.410551059253,2.64688842215,0.0065120647165,0.98900013776,76.0223012558
79.7048875139,0.00481094317949,-0.00481094317949,4.18985079595,0.0731830591304,3.77224097093,107,0.0,90,13.2696918838,71.6946885245,1.42436558676,8.74150181109e-17,3.99934723894,0.967809970009,0.408676074277,2.63217360336,0.00674406527494,0.989000301648,76.0482725283
78.7498049218,0.00488231626818,-0.00488231626818,4.13971570118,0.0695664572543,3.75562204483,107,0.0,91,13.435455948,71.4591191168,1.34807419196,-6.06407966417e-16,4.00695194638,0.930644704874,0.400607784209,2.53614371488,0.0065199573728,0.989328915385,76.1960356845
79.1902575351,0.00483590841776,-0.00483590841776,4.16234923936,0.0697338113626,3.85194123862,107,0.0,92,13.4362626969,73.2620781579,1.35460415485,-3.74529068195e-17,4.01409815109,0.914900519093,0.398437846407,2.49652688279,0.00660501226883,0.989100661238,76.346873961
79.6209920749,0.00448767053643,-0.00448767053643,4.17922297982,0.0742299380719,3.83052214296,107,0.0,93,13.4980871839,72.8927960158,1.43222379762,3.91350503406e-16,4.01847644524,0.87108136075,0.389141667313,2.38949336129,0.00654244314122,0.989718772983,76.4136983627
79.3292596561,0.00639927960824,-0.00639927960824,4.16545527946,0.0762798335099,3.81273790087,107,0.0,94,13.3154986876,72.577080935,1.47579664033,5.92630824995e-17,4.00583785564,0.853019863849,0.386651390309,2.34672294592,0.00994781486717,0.988990457417,76.1650334968
80.0510901978,0.00457925061929,-0.00457925061929,4.20695325523,0.0692249707429,3.79630102624,107,0.0,95,13.7158314085,72.2412749499,1.33430636542,-1.30624483193e-16,4.03463129281,0.85521433293,0.387444402786,2.35187841155,0.00655316299171,0.989380098646,76.7442947509
79.8720333867,0.00593444723155,-0.00593444723155,4.19353652286,0.0711331418942,3.85533625912,107,0.0,96,13.3893634089,73.3068730708,1.37098016552,-3.83327845063e-17,4.0247654122,0.847528089535,0.385546745311,2.33387059652,0.00677832813777,0.988714527884,76.5666181504
80.6018346669,0.00648125536228,-0.00648125536228,4.22945321182,0.0679453137797,3.87841583384,107,0.0,97,13.437059543,73.8005674029,1.30767974978,6.57542556229e-17,4.02740046348,0.819974195716,0.379827992169,2.27044124966,0.00657705689637,0.988481137048,76.658118942
81.6709671373,0.00543398527204,-0.00543398527204,4.29206105658,0.0635780362968,3.88892350962,107,0.0,98,13.4638888861,73.9919967803,1.21055221043,-5.42810863755e-17,4.02623349866,0.795770909309,0.37454255843,2.21614878817,0.00979385347056,0.988554912672,76.6273955611
79.128227266,0.00584231450714,-0.00584231450714,4.15323778795,0.0676031052813,3.81987149672,107,0.0,99,13.4604944076,72.7012460678,1.2955422709,-1.35343449843e-16,4.03203153778,0.810469092343,0.377478662326,2.24896271046,0.00997939228691,0.988946318085,76.7637056534
79.8536146609,0.00477803330439,-0.00477803330439,4.18918340445,0.066903556772,3.87366710338,107,0.0,100,13.1929267393,73.7604366073,1.29262499272,8.15339488552e-17,4.02781848348,0.799339123615,0.374497812329,2.22407060695,0.00657073475342,0.98811289525,76.698186862
79.5992110841,0.00574857198352,-0.00574857198352,4.17698009379,0.0729401762979,3.86358128126,107,0.0,101,13.3527531273,73.5236808585,1.41625682102,-1.14249212375e-16,4.04101867178,0.759639068458,0.365911654528,2.13750458842,0.00981089001334,0.987511405622,76.9645432108
80.5876272342,0.00517255076679,-0.00517255076679,4.22452306977,0.0753291994322,3.87281954515,107,0.0,102,13.4474927319,73.6863981337,1.45785149032,-5.8914451718e-17,4.04915201195,0.769790013077,0.366201699213,2.15931277873,0.00651325229503,0.987642197823,77.1285943947
80.6997913248,0.00490875550793,-0.00490875550793,4.2343153524,0.0683240329767,3.88331185823,107,0.0,103,13.5790266211,73.939068415,1.32561516286,-6.41646652737e-17,4.06046588859,0.768536385423,0.366581461606,2.15660750058,0.00647817841745,0.98839303356,77.3552214416
81.1802579536,0.00556188327287,-0.00556188327287,4.25580230073,0.0754429476705,3.88504238352,107,0.0,104,13.5152573979,73.9816059464,1.46251459351,-4.1420657143e-18,4.05977523827,0.772685972971,0.368718388845,2.16557512531,0.00656251329289,0.988284307907,77.3509516488
80.202115803,0.00542850395336,-0.00542850395336,4.20826014365,0.0741547855577,3.85507528248,107,0.0,105,13.436497275,73.3562249315,1.4397260709,3.00727252031e-16,4.05634200592,0.760220812279,0.366289848826,2.13874843027,0.00650198424059,0.98838554708,77.2761347165
81.1821326978,0.00462928115476,-0.00462928115476,4.25413917497,0.079108592472,3.79918041287,107,0.0,106,13.2899844858,72.3033822213,1.53630488591,-4.07399970457e-17,4.05131642967,0.738627614461,0.362452578671,2.09306105579,0.00653416929039,0.987294505691,77.2019302264
81.5303835396,0.00533787504213,-0.00533787504213,4.2761321092,0.0780846474656,3.75354472161,107,0.0,107,13.3576799738,71.4314524697,1.51761427416,1.07328476325e-17,4.05626971744,0.718031612939,0.358916289782,2.05039326828,0.00999503945955,0.987610548384,77.2935180987
81.2541582214,0.00563803145347,-0.00563803145347,4.26403182939,0.076099897398,3.82012845198,107,0.0,108,13.3634353472,72.7525830444,1.4746173341,-4.26408648785e-17,4.06046426089,0.719996896788,0.359335825566,2.05442683531,0.00991868854491,0.987751206598,77.3784305463
80.4080053437,0.00481980091861,-0.00481980091861,4.21591598434,0.0714774806098,3.91853840727,107,0.0,109,13.7309855174,74.6020299915,1.39200003228,7.63293893304e-17,4.07844083853,0.711332028696,0.35723846404,2.03670239863,0.00647713521712,0.988575187679,77.7241088256
80.5869565668,0.00452704153427,-0.00452704153427,4.22664217527,0.0686582411665,3.88027671373,107,0.0,110,13.3841467846,73.8635115752,1.32596835721,-6.65822537292e-17,4.06070551657,0.709670011212,0.356944461012,2.03332017507,0.00645449181936,0.988269118319,77.3802468234
80.8438912663,0.00483869607857,-0.00483869607857,4.24135726309,0.0716773203381,3.88146256913,107,0.0,111,13.6025853372,73.9474837822,1.39143744817,-1.46424928257e-16,4.0762464765,0.713096015923,0.357294018874,2.04029828626,0.00643529682433,0.988344158315,77.6745771779
80.7747694358,0.00437866594477,-0.00437866594477,4.23623149623,0.0675819156919,3.94820037315,107,0.0,112,13.8124910811,75.1895038314,1.31311689613,9.10839420502e-17,4.08851043273,0.704068760408,0.355267492657,2.02196287604,0.0064351370179,0.989573616622,77.9207576141
82.0390903024,0.00596605963309,-0.00596605963309,4.29917497362,0.078367951684,3.89486217545,107,0.0,113,13.7110582377,74.2189113943,1.51788328577,7.06890413287e-17,4.08376429427,0.702363327764,0.354715275866,2.01851749331,0.00641357395829,0.988350345534,77.8308693462
81.894753962,0.00664230261064,-0.00664230261064,4.29685881752,0.0730648993137,3.86637807077,107,0.0,114,13.6846857749,73.5608396363,1.41755298079,-1.37410332334e-16,4.08192194115,0.698827489928,0.354113272947,2.01139294583,0.00989047719766,0.98840371492,77.7926056156
80.3018826627,0.00646788337252,-0.00646788337252,4.21274809397,0.0717017151985,3.88335973085,107,0.0,115,13.6188830018,73.9699492466,1.39086817924,-9.35907633843e-17,4.08338016219,0.709548461772,0.355479486556,2.03307304116,0.00997288704231,0.987953598692,77.82408953
81.782953833,0.00514417149077,-0.00514417149077,4.28818329031,0.0776689130481,3.88532452595,107,0.0,116,13.4787345024,73.9522871201,1.50785359416,2.56160617121e-17,4.08018332486,0.706617702109,0.355658294233,2.02712331556,0.00651423397139,0.987967665091,77.7487243079
81.0154288034,0.00489434634885,-0.00489434634885,4.24993119767,0.0686792945417,3.90958989098,107,0.0,117,13.5090363855,74.4476926804,1.33351629059,7.08301537879e-17,4.08637165433,0.702567569821,0.354819776426,2.01892980158,0.00641470803477,0.988468170029,77.8717763905
81.0404947475,0.00517433963337,-0.00517433963337,4.24740398373,0.0765635699914,3.82261443117,107,0.0,118,13.5394568323,72.669064367,1.49077929565,2.60186472575e-17,4.09495100447,0.70476641013,0.355313560118,2.02337399005,0.00650959387918,0.987921985945,78.0480216545
80.8724056521,0.00492391946524,-0.00492391946524,4.24006614175,0.0771063549817,3.84090280725,107,0.0,119,13.4082190078,72.9916594421,1.5099712939,2.02189251842e-16,4.09437212693,0.686325753649,0.35228054373,1.98640357242,0.00650600105516,0.987711624397,78.0299207768
82.4097404718,0.0053050806654,-0.0053050806654,4.32232700318,0.0705967388583,3.94174423031,107,0.0,120,13.6889991456,74.8874136228,1.37177284822,3.05956713754e-16,4.11464911037,0.66237476807,0.348148634076,1.93939247744,0.00657175400808,0.988877432101,78.4227816831
81.9567239898,0.00426504198913,-0.00426504198913,4.2970816594,0.0725182348502,3.92124882349,107,0.0,121,13.5678931208,74.6520793468,1.4048206413,6.29963371188e-17,4.12272179945,0.625150808766,0.341617186577,1.86852772655,0.00658638120603,0.990272466129,78.5951725112
81.2120186141,0.00560173650926,-0.00560173650926,4.25781110875,0.0652451996798,3.98972634117,107,0.0,122,13.5335651273,76.0624154056,1.26142353997,4.03718595418e-16,4.12444277449,0.603653511768,0.337765937808,1.82878810865,0.00642803505716,0.991077491313,78.6279093335
82.397652223,0.00613136977509,-0.00613136977509,4.31532338798,0.0739013044813,3.92540323451,107,0.0,123,13.8232876888,74.7093757249,1.43446394071,-1.09055028767e-16,4.13887673855,0.599870039392,0.336978166006,1.82188201211,0.00990290655467,0.9904530209,78.9156388257
81.6115578537,0.00443408692211,-0.00443408692211,4.2822418717,0.0620113762327,3.97358023024,107,0.0,124,13.4761072262,75.7094366936,1.2007115022,-7.53727298643e-17,4.13256435849,0.590507977197,0.335930979202,1.80490503317,0.00651110498218,0.991436377135,78.7899625429
82.107526943,0.00599621668547,-0.00599621668547,4.30688857334,0.0704351591082,3.98711138978,107,0.0,125,13.531332589,75.9662484926,1.36384595472,1.46914671498e-16,4.13756750553,0.573386610705,0.332980603536,1.77426563526,0.00996701164047,0.991082720994,78.8912762838
82.243381414,0.00507814308358,-0.00507814308358,4.30936551582,0.0672917688392,3.97758142995,107,0.0,126,13.7145628254,75.8422997141,1.31214160217,-2.57571741713e-17,4.14605755694,0.568970049056,0.332278708276,1.76644676068,0.00645651789434,0.991753832685,79.0484631781
82.1659981292,0.00569696563991,-0.00569696563991,4.30616396192,0.0771482644541,3.91967101652,107,0.0,127,13.5086555971,74.6671054284,1.49136041736,-1.52843469968e-16,4.1383641514,0.56441910369,0.330602679652,1.75842602279,0.00646715907223,0.991187778334,78.8965104084
81.6819251242,0.00620610644031,-0.00620610644031,4.28277975394,0.0600077548689,3.98686007355,107,0.0,128,13.7048097479,75.9198716518,1.16178542777,-2.59522413943e-17,4.14961353047,0.561813660463,0.330352186063,1.75385050683,0.00996630196684,0.99244027448,79.111400537
82.8891443869,0.00674017312661,-0.00674017312661,4.34722648662,0.0690583975068,3.9608723443,107,0.0,129,13.7758666812,75.4869973946,1.33870347116,-1.70003419442e-16,4.15136148515,0.565524507521,0.332189589047,1.76037086838,0.00994969554284,0.99181823032,79.1415242402
82.0628829904,0.00479477487082,-0.00479477487082,4.3001609791,0.0733552242057,3.9887912175,107,0.0,130,13.5969013793,76.0042686491,1.4211769629,6.88960830235e-17,4.14937970572,0.560205635364,0.33196090047,1.75103253749,0.00653119614406,0.991594722317,79.0965402077
82.0431513339,0.00544279014856,-0.00544279014856,4.30320072012,0.0644808004664,4.00543732929,107,0.0,131,13.6410381306,76.2921331787,1.25162543182,2.10763908922e-16,4.15544663817,0.542014155189,0.329088897448,1.71946664942,0.00641792265764,0.99194022998,79.2227575764
82.7488626099,0.00416906993561,-0.00416906993561,4.33865201585,0.0692054074925,3.99567271752,107,0.0,132,13.6538663487,76.147259306,1.34364641175,1.36911250769e-16,4.15619796871,0.53220692048,0.327603755912,1.70268585749,0.00662268785792,0.991540748797,79.237401293
82.8384121797,0.00577493325748,-0.00577493325748,4.34080240824,0.0802894882758,3.95828148142,107,0.0,133,13.7675179351,75.4344266112,1.55729960331,-4.16734144597e-16,4.16513949941,0.497920139461,0.322163402944,1.64529572395,0.00656488089829,0.991236445531,79.4161477144
82.3015157716,0.0047857998677,-0.0047857998677,4.31747339154,0.0773229017797,3.92367796009,107,0.0,134,13.6018602412,74.7070467959,1.50506031739,2.54375959549e-17,4.15698858628,0.480541742633,0.32025926012,1.61695013578,0.00644330014259,0.991478902761,79.2540898192
82.2379004586,0.00423347773675,-0.00423347773675,4.30992569839,0.0564123548864,4.02969725652,107,0.0,135,13.7335330825,76.7517890085,1.09634653445,1.94652186374e-17,4.16667594043,0.480695021265,0.320237536341,1.61719799868,0.0064682182366,0.992405838654,79.4382470372
82.6244822718,0.00524231204591,-0.00524231204591,4.33188920001,0.0670016379078,4.01737540457,107,0.0,136,13.7256175379,76.5225974272,1.30376540773,7.33660276871e-17,4.16635296055,0.470146076421,0.319285017587,1.60022793171,0.00666584446478,0.991513039103,79.4217695093
82.1042589237,0.00511555257715,-0.00511555257715,4.30591567243,0.0692936621843,3.86762497404,107,0.0,137,13.4872511265,73.590201305,1.3494289199,2.03235144186e-16,4.1534514367,0.438976800158,0.314698911486,1.55111930125,0.00653440481326,0.990910363164,79.1830856003
82.6249499688,0.006759101504,-0.006759101504,4.32964429635,0.0650351558849,3.98874533975,107,0.0,138,13.6866302121,75.9488886463,1.26395504343,3.80090559234e-17,4.1609402118,0.42599059661,0.313106671368,1.53110637747,0.00993689394905,0.991751044566,79.3241476002
82.5355765668,0.00602023611853,-0.00602023611853,4.32548555984,0.0753190463924,3.97590180499,107,0.0,139,13.6310550945,75.7294432914,1.46858603445,-3.81418676497e-18,4.17595219232,0.420350047041,0.311246595606,1.52249440701,0.0098123317421,0.990825514946,79.6242566095
83.5879697656,0.00484560144119,-0.00484560144119,4.38187314911,0.075137421814,3.9771170648,107,0.0,140,13.7213183473,75.6620042095,1.47490959033,-9.19721204699e-18,4.17023217199,0.423530281544,0.312283559406,1.5273440036,0.00640545263477,0.988111052154,79.4985304633
82.6048751887,0.00461309364159,-0.00461309364159,4.33185283765,0.0787817034335,4.01254987819,107,0.0,141,13.6975448145,76.4233847961,1.53485321318,2.8259845139e-17,4.18447639741,0.410685863424,0.309966568048,1.50785161081,0.00640586846996,0.989616354804,79.7898737104
82.8311778831,0.00514186780422,-0.00514186780422,4.33970341793,0.0667998606008,3.96936451989,107,0.0,142,13.5869254765,75.5984196889,1.30401917976,-1.61864291441e-18,4.1808817273,0.400857015447,0.308223460458,1.49310376246,0.00643687477432,0.989820588062,79.7175276543
83.3582875366,0.0082345801385,-0.0082345801385,4.37030346219,0.0740227190393,3.96704572912,107,0.0,143,13.6100674104,75.5414271347,1.44161192855,1.93614594762e-16,4.19295046607,0.398567660124,0.307895284239,1.48968942722,0.00999928714048,0.990674762558,79.9553406993
83.0848986035,0.00801615098337,-0.00801615098337,4.35372176128,0.0729969821421,4.01389951043,107,0.0,144,13.7362002815,76.4492438601,1.42572439771,-4.89548692342e-17,4.19922667054,0.391259651731,0.306867269557,1.47884244757,0.00991677914234,0.991202036754,80.0658374651
82.9583068259,0.00435020784035,-0.00435020784035,4.34835282063,0.0662177151004,4.0119646313,107,0.0,145,13.5343551683,76.4548594162,1.28185213325,2.26194971372e-17,4.19017979535,0.387958444318,0.305912236499,1.47396853125,0.00648179127096,0.991291598515,79.8904941627
83.6236480381,0.00515512938376,-0.00515512938376,4.3829382413,0.0775166282507,4.03105089523,107,0.0,146,13.8883415839,76.7079168927,1.51542925028,2.27108051991e-16,4.20900179338,0.38279715758,0.305522610141,1.46638055572,0.00643009547732,0.99109990177,80.2516513027
83.3778460941,0.00570272861234,-0.00570272861234,4.37175894063,0.0723219356763,4.01628466117,107,0.0,147,13.7282656081,76.5549737989,1.40849112465,-9.82661511871e-17,4.20073670276,0.376624279547,0.30444790842,1.45735664779,0.00985537383548,0.991761645719,80.0953789825
83.1265119121,0.00740863323054,-0.00740863323054,4.35751116384,0.0699689859996,4.05413565419,107,0.0,148,13.8630195157,77.2148421594,1.36414204923,-3.15220331665e-17,4.21102816689,0.385258822804,0.305565241117,1.46999474037,0.00987948429655,0.990861072209,80.2835966629
83.4152009627,0.00622652253211,-0.00622652253211,4.36986305685,0.0770267160926,4.01289057295,107,0.0,149,13.7817059417,76.2537448441,1.50702435603,1.12126299937e-16,4.21052023017,0.375934266634,0.304323948999,1.45635139975,0.00994479816863,0.990986228731,80.2767925042
82.9872136226,0.00623787139259,-0.00623787139259,4.35027621638,0.0742179623824,4.0056935504,107,0.0,150,13.662417894,76.2933901276,1.45479579821,-1.44391248698e-16,4.21110830687,0.361973836228,0.301502819983,1.43616136607,0.00642658354365,0.990727206444,80.2869726356
83.2471335229,0.00674189437104,-0.00674189437104,4.36329586372,0.0752335182418,3.97359654351,107,0.0,151,13.71493958,75.5813438634,1.47745278665,-7.38889738594e-17,4.21154544989,0.355827862794,0.300517106673,1.42736182504,0.00983880090264,0.990869445339,80.2987895455
83.7020252638,0.00440578750306,-0.00440578750306,4.3859226846,0.084308760926,3.96959713137,107,0.0,152,13.3693466818,75.5363477309,1.65007883891,2.73056758928e-16,4.19873437811,0.363703981965,0.301648243966,1.43864828528,0.00642924855757,0.990228768931,80.047636108
84.1443679113,0.00568523226405,-0.00568523226405,4.40651993094,0.0743944262633,4.04922942336,107,0.0,153,13.6235441086,77.2082584097,1.46068220406,-1.91267562536e-16,4.20564147741,0.358605561499,0.300758535093,1.43133211772,0.00646634021449,0.990884181095,80.1785875499
83.9265325691,0.00687421594689,-0.00687421594689,4.39738751602,0.0748775671963,4.01746142575,107,0.0,154,13.7434136188,76.4291826931,1.46813777741,7.0265703951e-18,4.22127890992,0.358604638078,0.300748531642,1.431330796,0.00987320602749,0.991685648943,80.500614057
85.1708243082,0.00517025882711,-0.00517025882711,4.45929862731,0.0690074279582,4.02242984524,107,0.0,155,13.9225588754,76.5991939689,1.34767849944,-8.38021241186e-17,4.23152739193,0.359262708822,0.301013669736,1.43227302291,0.00639977054994,0.99126104889,80.7139573656
83.9216824902,0.00472009404607,-0.00472009404607,4.39702272453,0.0797287651006,3.99359200411,107,0.0,156,13.8623801821,75.9765102632,1.56073676577,1.30549776597e-16,4.23410398734,0.356560126823,0.301667319762,1.42840741354,0.00650586369569,0.991267030458,80.7525405531
84.7582222333,0.00792680839586,-0.00792680839586,4.44011921235,0.0694954010801,4.04785316288,107,0.0,157,13.4501199106,77.111009514,1.36103938422,-2.76829442028e-18,4.21407865814,0.349841075241,0.300891307147,1.41884204154,0.0096862991166,0.990332938287,80.3630196164
84.0632260402,0.00565996887564,-0.00565996887564,4.4016847497,0.0727824797951,4.02861698288,107,0.0,158,13.8690477942,76.7400052478,1.42920182045,-3.73138695435e-17,4.23210999557,0.366078111934,0.302864694982,1.44206788097,0.00977394738822,0.990586909646,80.7048680662
83.897395486,0.00581626837393,-0.00581626837393,4.39627910061,0.0700851193072,4.05882128171,107,0.0,159,13.7393224991,77.3351114342,1.36955059646,1.56001898834e-16,4.22489587612,0.362117540298,0.301765811564,1.43636776313,0.00999995497032,0.990294159755,80.5594592573
84.1785013805,0.00541169678939,-0.00541169678939,4.40958465011,0.0726688931525,3.9822357181,107,0.0,160,13.7260692034,75.8409025013,1.42419156948,-2.08140877327e-17,4.22570840479,0.366119984592,0.302439665345,1.44212826545,0.0064747134186,0.990288418282,80.5693896852
84.4528124902,0.00619957456054,-0.00619957456054,4.4244733799,0.0741925374516,4.03753647415,107,0.0,161,13.7972717391,76.7512249451,1.45853633077,-1.57792781956e-16,4.23978034371,0.356107329639,0.300657380215,1.42776078109,0.0099896947397,0.990121461585,80.8331885279
84.0429114315,0.0070110843527,-0.0070110843527,4.40868219217,0.0784460883229,3.93869322305,107,0.0,162,13.7123055024,74.86583253,1.53357455507,6.99212235359e-17,4.23787850803,0.352913162427,0.300258581987,1.42320755018,0.00977527067921,0.990449527486,80.7691669502
84.5877291676,0.00875872650824,-0.00875872650824,4.43059527045,0.0678335919769,4.05001336537,107,0.0,163,13.6564397257,77.0745928233,1.33377092476,-6.5949322846e-18,4.24248607499,0.352135873714,0.299373314746,1.42210173684,0.00975870657467,0.990863976864,80.8493820898
85.8679749567,0.00610056325954,-0.00610056325954,4.50082302134,0.0844277415192,4.04424735021,107,0.0,164,13.8394741976,76.9576505228,1.65615085105,1.30479220367e-16,4.25494320067,0.357248760408,0.300182487446,1.42939140162,0.00999738265575,0.990810858473,81.0916632473
84.0426194783,0.00467160055975,-0.00467160055975,4.40386049661,0.081950632718,4.04705893686,107,0.0,165,13.5578063869,77.0224806431,1.61204999489,-2.59729932266e-17,4.24460972232,0.348209641809,0.299132091608,1.41652918235,0.00648060144211,0.990763922738,80.9029470544
84.4135892323,0.00540724008352,-0.00540724008352,4.42384185635,0.0758729523608,4.06829126207,107,0.0,166,13.6438565704,77.4542009146,1.49096348087,-2.86209270199e-17,4.2469686527,0.341549249841,0.298462981124,1.40712589233,0.00650083822803,0.991324949554,80.9406506617
84.5972016038,0.00596997643886,-0.00596997643886,4.4348580273,0.0740193805423,4.08648435637,107,0.0,167,13.4890865622,77.7335648406,1.45519454816,-3.65232247353e-19,4.2450575691,0.333349222761,0.29693689863,1.39563460075,0.00646469663925,0.99131880561,80.9179387583
84.8480029321,0.00524217799641,-0.00524217799641,4.44723359907,0.0752035641478,4.0749779565,107,0.0,168,13.8972348497,77.5997030651,1.47705318928,-5.08336882453e-17,4.26067834908,0.325465131639,0.295373866112,1.38467455216,0.00640197546192,0.990761353707,81.2077220615
84.2870738321,0.0088492914752,-0.0088492914752,4.42090164748,0.0728229952311,4.08796335208,107,0.0,169,13.8488941747,77.8948285178,1.42697799549,-7.17349336734e-17,4.26151180904,0.317552161124,0.294291397704,1.37376089991,0.0099074538136,0.991596927501,81.2134034245
85.0859569729,0.00624104541883,-0.00624104541883,4.45761794666,0.0727849392191,4.02033294353,107,0.0,170,13.4210911006,76.507300761,1.42690746768,1.27233633805e-16,4.23639751132,0.324307965945,0.295103848272,1.38307318098,0.00655988219035,0.990939425944,80.7291170881
84.2341794768,0.00450685201444,-0.00450685201444,4.41724720092,0.0765643519629,4.07212047154,107,0.0,171,13.7519237097,77.5145045046,1.4955871505,-5.93709920272e-17,4.25769883691,0.31490182005,0.293394389572,1.37012478557,0.00651246085751,0.991717277101,81.1527790265
84.4926461157,0.00516739833521,-0.00516739833521,4.4290748462,0.0798617578133,4.09041946405,107,0.0,172,13.9230234498,77.807931984,1.56328622852,8.19697373321e-17,4.26766331094,0.30911505376,0.292311026975,1.36221908992,0.00659879808517,0.991273643125,81.3447103379
84.8008337435,0.005993389517,-0.005993389517,4.44852909808,0.0793416458069,4.08027288518,107,0.0,173,13.6003315173,77.6942133671,1.55608328158,1.05103879909e-16,4.25557305481,0.2996654593,0.290978644795,1.34940730039,0.00982991703774,0.991055216805,81.1003770724
84.070511345,0.00568585104286,-0.00568585104286,4.40740050724,0.0700229168625,4.04639731444,107,0.0,174,13.7294174257,77.006439386,1.37669687848,-1.31442105383e-17,4.25759772536,0.316292714579,0.293844118121,1.37203181057,0.00997794984288,0.991954847549,81.1379850149
84.1960386888,0.0082896445087,-0.0082896445087,4.41089563424,0.0719556734719,4.07127659225,107,0.0,175,13.4595206835,77.4233593718,1.40763394955,9.64545162329e-18,4.24420284228,0.311508373828,0.293222607637,1.3654832207,0.00975612384635,0.991405648195,80.862642053
85.3947903012,0.00474086598382,-0.00474086598382,4.47730370366,0.0822275368772,4.03094689533,107,0.0,176,13.5917516813,76.6763660007,1.60651799516,-7.04192675096e-17,4.25247571223,0.313775017585,0.293482299807,1.36858179507,0.00640482714694,0.991150155885,81.0158876876
83.6672823568,0.00487327898578,-0.00487327898578,4.38814737331,0.0733614290391,4.03224966262,107,0.0,177,13.6215316395,76.7138951279,1.43355010497,-7.56694810653e-17,4.25073573374,0.318983142478,0.294003199896,1.37572813334,0.006498491477,0.991108371791,80.975062842
84.5892370879,0.00532954826942,-0.00532954826942,4.43860695795,0.0711274897472,4.09329274303,107,0.0,178,13.8924009571,77.8495265722,1.38864598858,-1.05900750267e-16,4.26568330146,0.307563230159,0.292594577935,1.36010680555,0.00992664350197,0.99150233235,81.2623388056
85.154603191,0.00527057295581,-0.00527057295581,4.4617672185,0.0700172377537,4.06164438444,107,0.0,179,13.6603109047,77.3062072868,1.37665473672,1.30628633559e-16,4.25996644199,0.304501737418,0.292473547254,1.3559492159,0.0064745348161,0.99119815918,81.1626930991
84.4906423547,0.00607319929992,-0.00607319929992,4.42710509342,0.0756389930921,4.02571690581,107,0.0,180,13.6635894859,76.5818316276,1.48109048102,5.43448982596e-17,4.26191579397,0.286532298834,0.289675659371,1.33180118283,0.00998587051633,0.991386190725,81.1995273652
84.8838356847,0.005078433996,-0.005078433996,4.45226455826,0.0774586047024,4.08187198438,107,0.0,181,13.9171179258,77.6892567251,1.51266805456,7.84668280507e-17,4.26936942017,0.28886606964,0.289529497349,1.33491293119,0.00643797771529,0.990970085742,81.3353269847
84.795567938,0.00848444857805,-0.00848444857805,4.44353721731,0.082144138556,4.05010048861,107,0.0,182,13.6382637998,77.0897620787,1.59707075587,-4.05905838536e-18,4.2542143611,0.28213313419,0.288248623652,1.32595523821,0.00990696588701,0.990910514149,81.0488367623
85.2166000899,0.00594683431515,-0.00594683431515,4.46743480169,0.0723134040341,4.11476504365,107,0.0,183,13.9928299488,78.3456561124,1.41017391702,-5.67023064016e-17,4.27668468034,0.280062357923,0.287898123229,1.32321232254,0.00992341594745,0.991427246231,81.4832267529
85.3564924567,0.00543080435534,-0.00543080435534,4.47594472076,0.0780959885993,4.04367008808,107,0.0,184,13.7114010834,77.065670932,1.51101734306,-2.48108906213e-17,4.26210041866,0.274296890043,0.287283823824,1.31560533439,0.0065886109923,0.991116571695,81.201865249
85.5528858939,0.00542618110002,-0.00542618110002,4.48377798425,0.0823929658557,4.09223889985,107,0.0,185,13.628210662,77.9172340181,1.5972944327,-1.4732140741e-16,4.25952693782,0.271242640253,0.286832657609,1.3115932771,0.00649479117824,0.990785685418,81.1567395
85.2670136927,0.00526564200584,-0.00526564200584,4.47298987733,0.0786386955724,4.06279401355,107,0.0,186,13.8361188834,77.2721634526,1.53012489834,-3.8590107226e-17,4.26837026172,0.249875689686,0.283192095686,1.28386580901,0.00651505154638,0.991508552976,81.3177923968
84.8559090703,0.00731835673423,-0.00731835673423,4.4509500411,0.0704838673015,4.08644696735,107,0.0,187,13.7497362182,77.7890566262,1.36139249525,-1.40240882251e-16,4.26903050402,0.239054528936,0.281512121758,1.27004778905,0.00963310326452,0.991444596147,81.3305058535
85.3749747866,0.00563522585444,-0.00563522585444,4.4770372329,0.0789732552954,4.105667992,107,0.0,188,13.7857156591,78.1749043378,1.53058663176,-9.71185748644e-18,4.26810289512,0.247777984342,0.282562411404,1.2811754596,0.00650857244184,0.99133097123,81.3049538009
84.9502503639,0.00546182185094,-0.00546182185094,4.45837165382,0.0731789796624,4.0757904513,107,0.0,189,13.7735450175,77.6138323289,1.4177248975,2.68113672489e-18,4.26929510539,0.245970694669,0.282433268585,1.27886209552,0.00998749258989,0.991657183899,81.3417650456
84.6264308062,0.00621895517707,-0.00621895517707,4.44041416564,0.0759934036153,4.10992043155,107,0.0,190,14.0198320061,78.2988016622,1.46803805175,9.79486481538e-17,4.2876686729,0.243064208573,0.281631552914,1.27515049708,0.00988703592187,0.992089016881,81.6928748743
85.4546028652,0.00545152126117,-0.00545152126117,4.48202862639,0.0773938724846,4.11401179109,107,0.0,191,13.7813507906,78.3093907197,1.49891947544,-1.76971625308e-17,4.27380356392,0.245165977322,0.282083463134,1.27783338697,0.00650149401712,0.991354473745,81.4184042851
84.5706919368,0.00801101650827,-0.00801101650827,4.43174462952,0.086575405226,4.04094728484,107,0.0,192,13.7635273721,76.8677713035,1.68359286236,1.64852555283e-17,4.27431341006,0.232270574447,0.280156322205,1.26146100177,0.00990728012637,0.990960849736,81.4415117411
84.9009819374,0.00464684093253,-0.00464684093253,4.45358982906,0.0688476945464,4.13392752019,107,0.0,193,13.8389963949,78.6828152236,1.3358474175,1.44980600733e-16,4.27630798162,0.235388632807,0.280630177057,1.26540044931,0.00998193122484,0.991991624237,81.4742069852
84.8294196065,0.00527347785194,-0.00527347785194,4.44737902784,0.0872385652628,4.05256522274,107,0.0,194,13.8989248281,77.1523602616,1.6900280184,-2.52242671195e-16,4.27794787141,0.221489383045,0.278271256778,1.24793399889,0.00657280742776,0.99094331197,81.4919536051
85.6761597927,0.00643284542775,-0.00643284542775,4.49413351356,0.0700075207568,4.14511010447,107,0.0,195,13.9009150743,78.9241813131,1.35618104333,1.15131165245e-17,4.28585539284,0.210798587739,0.276841530662,1.23466365362,0.00991547971169,0.991926814459,81.6478876739
84.8569107187,0.00579009962998,-0.00579009962998,4.45155142035,0.078953668,3.99524333457,107,0.0,196,13.8429202518,76.0657569127,1.53768683261,-4.67248254625e-17,4.27979427119,0.198411930581,0.274797278,1.21946462514,0.00995052196304,0.99138976319,81.5290536255
84.838209074,0.004815921511,-0.004815921511,4.45012725408,0.0836496787513,4.02992749863,107,0.0,197,13.6890773071,76.6405814258,1.62854742659,-4.25578575496e-17,4.27404481596,0.19558185338,0.274617181361,1.21601832506,0.00640368858736,0.991330646771,81.419699759
84.6157837257,0.00660058915755,-0.00660058915755,4.43809490432,0.0744656824496,4.09722134223,107,0.0,198,13.7407602839,77.978447077,1.44782508624,-2.18491891246e-16,4.27591105711,0.204196366099,0.275812430396,1.22653898049,0.00998247768651,0.991829830692,81.4620749887
85.2298721745,0.00501327135964,-0.00501327135964,4.47030892305,0.0831604618992,4.10208865776,107,0.0,199,13.9356438596,78.0764242731,1.62765721476,1.23016861495e-17,4.28919719048,0.198488519897,0.275052654311,1.21955802668,0.00992890450287,0.991370394916,81.733122391
